{
    "accuracy": 0.6038961038961039,
    "precision": 0.46846846846846846,
    "recall": 0.9629629629629629,
    "f1": 0.6303030303030303,
    "roc_auc": 0.8325925925925927
}